col1,col2
0.44073637659955767,0.8945037628593663
0.12146635920836724,0.07631207622655456
0.8292324658757619,0.16012932505037247
0.9094902371766072,0.15276704856741374
0.6451095919149104,0.9700790368936153
0.33241347068413263,0.11188859443924337
0.4172382495943583,0.3035469785375583
0.763132305728023,0.581489638869902
0.6787153974263868,0.06942981753283517
0.40181946376096545,0.9087313774760394
